Date,MMM,AOS,ABT,ABBV,ABMD,ACN,ATVI,ADM,ADBE,ADP,AAP,AES,AFL,A,APD,AKAM,ALK,ALB,ARE,ALGN,ALLE,LNT,ALL,GOOGL,GOOG,MO,AMZN,AMCR,AMD,AEE,AAL,AEP,AXP,AIG,AMT,AWK,AMP,ABC,AME,AMGN,APH,ADI,ANSS,AON,APA,AAPL,AMAT,APTV,ACGL,ANET,AJG,AIZ,T,ATO,ADSK,AZO,AVB,AVY,BKR,BALL,BAC,BBWI,BAX,BDX,WRB,BRK-B,BBY,BIO,TECH,BIIB,BLK,BK,BA,BKNG,BWA,BXP,BSX,BMY,AVGO,BR,BRO,BF-B,CHRW,CDNS,CPT,CPB,COF,CAH,KMX,CCL,CTLT,CAT,CBOE,CBRE,CDW,CE,CNC,CNP,CF,CRL,SCHW,CHTR,CVX,CMG,CB,CHD,CI,CINF,CTAS,CSCO,C,CLX,CME,CMS,KO,CTSH,CL,CMCSA,CMA,CAG,COP,ED,STZ,COO,CPRT,GLW,CSGP,COST,CTRA,CCI,CSX,CMI,CVS,DHI,DHR,DRI,DVA,DE,DAL,XRAY,DVN,DXCM,FANG,DLR,DFS,DISH,DIS,DG,DLTR,D,DPZ,DOV,DTE,DUK,DD,DXC,EMN,ETN,EBAY,ECL,EIX,EW,EA,ELV,LLY,EMR,ENPH,ETR,EOG,EPAM,EQT,EFX,EQIX,EQR,ESS,EL,RE,EVRG,ES,EXC,EXPE,EXPD,EXR,XOM,FFIV,FDS,FAST,FRT,FDX,FITB,FRC,FE,FIS,FISV,FLT,FMC,F,FTNT,FBHS,BEN,FCX,GRMN,IT,GEN,GNRC,GD,GE,GIS,GM,GPC,GILD,GL,GPN,GS,HAL,HIG,HAS,HCA,PEAK,HSIC,HSY,HES,HLT,HOLX,HD,HON,HRL,HST,HPQ,HUM,HBAN,HII,IBM,IEX,IDXX,ITW,ILMN,INCY,INTC,ICE,IP,IPG,IFF,INTU,ISRG,IVZ,IQV,IRM,JBHT,JKHY,J,JNJ,JCI,JPM,JNPR,K,KDP,KEY,KMB,KIM,KMI,KLAC,KR,LHX,LH,LRCX,LVS,LDOS,LEN,LNC,LIN,LYV,LKQ,LMT,L,LOW,LUMN,LYB,MTB,MRO,MPC,MKTX,MAR,MMC,MLM,MAS,MA,MTCH,MKC,MCD,MCK,MDT,MRK,META,MET,MTD,MGM,MCHP,MU,MSFT,MAA,MHK,MOH,TAP,MDLZ,MPWR,MNST,MCO,MS,MOS,MSI,MSCI,NDAQ,NTAP,NFLX,NWL,NEM,NWSA,NWS,NEE,NKE,NI,NDSN,NSC,NTRS,NOC,NCLH,NRG,NUE,NVDA,NVR,NXPI,ORLY,OXY,ODFL,OMC,ON,OKE,ORCL,PCAR,PKG,PARA,PH,PAYX,PAYC,PNR,PEP,PKI,PFE,PCG,PM,PSX,PNW,PXD,PNC,POOL,PPG,PPL,PFG,PG,PGR,PLD,PRU,PEG,PTC,PSA,PHM,PWR,QCOM,DGX,RL,RJF,RTX,O,REG,REGN,RF,RSG,RMD,RHI,ROK,ROL,ROP,ROST,RCL,SPGI,CRM,SBAC,SLB,STX,SEE,SRE,NOW,SHW,SBNY,SPG,SWKS,SJM,SNA,SO,LUV,SWK,SBUX,STT,STE,SYK,SIVB,SYF,SNPS,SYY,TMUS,TROW,TTWO,TPR,TRGP,TGT,TEL,TDY,TFX,TER,TSLA,TXN,TXT,TMO,TJX,TSCO,TT,TDG,TRV,TRMB,TFC,TYL,TSN,USB,UDR,ULTA,UNP,UAL,UPS,URI,UNH,UHS,VLO,VTR,VRSN,VRSK,VZ,VRTX,VFC,VTRS,V,VNO,VMC,WAB,WBA,WMT,WBD,WM,WAT,WEC,WFC,WELL,WST,WDC,WY,WHR,WMB,WTW,GWW,WYNN,XEL,XYL,YUM,ZBRA,ZBH,ZION,ZTS
2018-12-31,1804400,2769500,6094300,5722100,483700,1826400,7789600,2718200,2866400,2509100,752500,5301500,2702200,1572100,1065400.0,1387100,1564100,1040100,675900,809300,431600,1421000,1775300,33110000,29866000,9726400,139090000,100,84732200,935100,5334700,2203300,2821100,6028200,2044600,585800,826200,1028400,819500,2764800,2108600,1748400,959800,741700,4429900,140014000,9697100,1519900,1198700,2969200.0,680800,287500,69988626,716000,1394800,258300,589800,350800,3802100,3575400,56257300,6597292,2230900,682138,1154025,5451900,3330900,165100,192800,1064300,612300,3901000,3557700,280200,1228200,563600,4434600,7369800,2659000,586000,1078600,859700,702800,1202200,336000,4052500,2542900,2482400.0,1510900,3970700,1213200.0,3455200,502100,1279000,788500,1226000,2752000,3579000,1966300,293000,4546400,1075300,6309600,501800,1616000,1815700,2871000,582300,564300,20581200,19317500,565400,1459600,2719500,10576300,2338200,4271300,21613200,1466700,8727800,5290800,1670200,1952800,290900,3656800,3783800,2104000,1729400,8639100,1375800,10335000,895900,7627200,3171200,1980300,1163400,1029500,1954600,6231700,1664300,9196600,2628800,1508700,1024900,2202100,3636000,7241700,1767600,2598100,11807900,443200,1678400,840948,2240100,7673317,1763800,725800,2281300,7629300,1199400,2085300,2325000,2942400,978300,2731000,4149400,1145800,1079700,3571100,245700,4776500,769400,384400,1266000.0,231100.0,1233400,213400,1623500,1492100,6006028,1162500,1278300,537300,15807000,330600,278600,3876200,488100.0,2175300,4096700,29983500,5770100,1226700,1538300,361700,709441,57816000,5545500,1675000,3175000,16811000,688100,654900,4919300,322300,1223200,14086995,5292900,8455500,600900,7584000,455600,870300,4550000,9885800,2232100,1147100,1206400,2816200,1688737,835500,4513500,2138700,1430800,4206000,2199900,2582100,5122300,8510300,860500,12627900,472200,5212009,309700,680500,1189400,647200,1074800,20490400,1728900,3443827,3065000,619700,1074200,1870200,3800700,991400,1380900,973000,396900,676100,7409900,6441300,13237200,2160700,2093000,1927800,9140600,1876200,3098300.0,17005500,1044600,5122800,696200,635500,1597200,4322000,776900,2794500,2138700,1853900,790100,2979900,1184900,841400,4034100,14358800,1699900,580900,9646900,4357900,156700,1771200,1334400,603900,2639900,3658500,1297800,1316600,2482600,962300,5436400,9687502,24625300,4665400,89800,6158900,3148200,21392100,33173800,448400,698800,468000,1951800,9114100,256000,2261500,679300,9518100,2059200,1051600,447900,1374300,2612100,13508900,5590200,4149100,1950900,444900,6417600,5519100,3537500,288500,1321600,910600,1111700,2119900,2776800,1681700,46514000,11900,3739100,588000,5126200,791850,1258800,2985400,2875000,14932600,1699100,712700,3278900,830700,1599800,597900.0,809000,5019100,414800,20534028,7780200,6663800,2580600,1066400,1493100,1887600,262900,1162700,4596600,1666700,7239500,2420600,2311400,1880800,2847100,1177100,1215100,2945500,1432500.0,8877000,910100,818300,972450.0,7049281,1816526.0,1013300,680200,10700600,1092500.0,960300,679300,610600,1632750,326100,2327700,1879200,944800,5467700,814900,19349800,2598500,1072300,1838000,1655400,1544400,535700,1225400,1311000,1062900,657400,4394000,3805100,1075500,7689800,2534300.0,360100,1186200,550000,7749800.0,833000,1947400,3112500,1449400,2169900,2650600,3172000,4178500,1683600,162200,286600,2307400,94534500,4113200,1648400,1640000,5582300,1044100,1511610,355400,1157300,1046400,3694100,311600,2366000,7388200,1807600,719800,2552300,2663700,2656700,1743500,3123200,623100,3817800,1739200.0,544000,654800,15331800,1375400,1623267,3982400,7976000,905500,678800,841700,4870900,7005800,4095800,1281100,375000,1190800,16544500,1421800,439200,6960500,6336900,816700,13561900,564100,460400,2609800,4485400,663800,1657000,409100,1431391,2575600,1485200
2019-01-31,3338400,2014300,10421900,11563900,1073300,2115600,10060300,5076200,5007200,5836600,1586600,8579600,7986900,2951300,1305600.0,1635200,1650100,1971400,869700,3182600,723100,2652300,1720000,40232000,30766000,23635100,218206000,0,182575600,2230300,7706600,5718900,4302100,6456600,4046100,2127200,1985000,4542200,1003700,4397900,2596200,2588200,567400,1879100,4330000,162958400,11588900,4072400,1037600,2456000.0,1820500,653200,69082348,689600,1416300,494700,890400,1854000,9064600,7825100,100201200,3695661,5555800,1593978,810900,8676200,3653300,222400,429700,1419200,750100,4248800,6878500,314900,1741000,880400,10807100,12945500,2106300,1382600,2035100,1307200,1767500,2044600,836700,2984600,3220200,5287800.0,1665400,3763100,911800.0,6643300,859100,1680800,1083000,1661300,4738600,6464600,2306100,353500,8322200,5176000,11225600,348800,2602500,3716500,2894900,3190500,708900,23693600,19442600,1256300,1824200,3523800,32181500,3504100,6182900,31274500,4039200,7400600,9927700,3342300,2457300,474100,3465200,11838200,2040000,4341100,5556300,3463200,17815200,1651600,10883200,11125200,2888400,1618000,1760800,3118800,8287100,1442100,6890300,5846400,2240300,1495800,2680700,2980800,8351600,1691600,2280700,8457000,717500,2643900,2071055,6869400,24418913,1533800,1819900,6272200,24996900,2186600,3678300,4334700,4148200,3410500,5746100,6009000,3743400,2000900,2500700,329400,5711800,768700,591400,2403900.0,784100.0,3369700,280300,1966900,3903600,11248667,1289800,1197000,998100,19876700,843800,244900,17554400,745300.0,1865100,6898500,1228400,7394500,1632200,8094700,613900,1494865,39389100,11350500,3331700,7725000,31833200,2594300,833500,8017000,322300,2162600,45323135,4730000,11219300,1313900,8343700,469100,1719600,5604500,7494700,2902100,969800,1880100,6555500,2708100,3209100,7623100,2533900,4383700,5138000,3473600,4112800,11906300,11203200,918600,17579000,401200,5108664,432200,674800,2584800,1646200,896400,43051300,2554500,4396234,7414000,917200,2792300,3026700,10575300,941500,2633400,1228900,852300,1766900,17298100,7861100,17520600,5265700,3060500,3902700,15285800,4330900,15062600.0,13933200,2217100,6217900,1462500,785100,3048100,5201600,1161800,5238100,1842700,1645900,1249200,1712400,1311100,1563500,5400500,11275700,4201100,1210400,12572500,8782200,245100,2281100,3754400,1316800,5095200,11316200,1701700,4295200,10440100,2962500,9536200,16797658,77233600,6478400,98300,8718600,4467800,34130500,55636400,1988200,1536000,862200,1272700,15658000,355000,2730800,1067700,11163400,2801800,981000,1193800,2372400,2867400,8535500,4053600,8441500,2883500,1328000,12519600,8599200,3486200,245300,1738300,1496800,2021800,3760900,4433700,4474900,84285200,28900,3046900,804800,5914100,779250,1527400,5948600,2524400,20403600,2479300,1543300,2831000,1850800,2959500,454400.0,3115400,6183400,879200,40927452,12119500,8512400,4044500,1601500,1950200,2099300,205300,1466500,6566600,4620900,16044400,5243800,4867600,2822500,3429100,1404200,848300,8829100,1774700.0,24736300,1159200,916500,1258800.0,9663345,6468782.0,1512900,1441800,19708300,1284400.0,2150600,1708900,1391200,2190450,637000,2854200,2551900,1624000,8615900,878400,15458100,4352300,1894600,2117300,11199700,5006700,701700,2544400,1753100,930400,667200,7149000,4658800,1548100,24233300,3851300.0,545800,2909600,786800,8351900.0,834200,6043800,5816100,2456500,1684000,3912300,3193200,6699400,1320200,183300,319300,3874500,188538000,8272300,2040700,2218000,12254500,6677000,3042040,480600,1619500,887100,4979300,231900,5050600,9033500,3437400,491600,7438600,3762700,7327400,1497600,4055100,580800,8796700,4495300.0,996100,1023100,28585400,900800,3481873,9747700,20095700,2029200,1538300,1024100,8390800,14723000,6690000,3409700,751000,3991700,24934700,4277400,371900,7428500,9748800,1492500,10331900,607100,654100,3719800,6841500,1682100,2682500,388700,1342605,3905100,2620000
2019-02-28,2121700,1583300,6762700,6310800,420600,2017300,12255200,2973400,3810300,2241300,1717600,6014400,4440300,1759100,1324200.0,1452700,1158500,1338800,1150300,1076500,720700,1886700,1981300,27422000,30850000,11194800,60518000,0,39384900,1530500,7873800,2523400,3295800,4908300,2888500,1006400,976000,1832300,1376300,2776200,2088000,3212300,976800,1205600,7677500,112861600,9785100,1942200,1574000,2641600.0,1485300,602600,37371224,1139300,2233300,667900,1148200,1101300,4311600,3253100,62358100,18646909,3375100,1245273,1375650,3619000,6834800,409500,118400,752900,512100,4571900,5063100,1989800,1630300,883300,5797300,80889800,3146000,886600,1142600,1752800,949300,2166000,919100,5971900,4649900,4113000.0,1923000,4367200,669700.0,4024000,1086300,1405100,555200,1070700,5135600,11266700,3765600,318900,5900400,1035000,6406500,721900,2090400,2402300,5918900,1059300,441100,30708500,14209300,837300,2130800,3427300,22533900,3699300,4128700,18315300,1794100,6075200,8154300,2315600,1540600,813500,3598200,4663900,2872000,2055600,7091700,2215100,15549300,1002000,17121000,7972900,6231300,1038400,1476000,1778000,9483800,2363700,9008700,4728000,2404900,2838900,2246100,2025400,6716700,2259800,2551600,6208800,1047100,1000500,1290385,4137300,9489698,1932500,1263600,2560100,7462700,1500000,4387200,4748100,5695000,2766600,36023600,2626500,3523400,1690900,5204700,314100,5194300,740900,1549800,2830700.0,465300.0,1270200,231900,2424700,2261400,8806242,2602400,1109200,1764000,14597900,706700,219200,3798600,501700.0,1260600,6957700,1281300,6837600,3075800,2595400,599000,971518,43960500,10333000,2299600,2711700,21053700,1424400,430100,4672200,297900,1739600,11357763,4245600,9053400,1430600,7227300,503500,1352600,2964300,8639200,2475200,2428600,1718800,5534500,3103100,1195100,5634900,1796800,2302700,8060600,2843900,2763900,9641100,53508300,1770300,8890400,534900,3616859,278700,630100,1461100,1611900,1056400,18388800,4001400,3258394,7426200,1012300,1677800,2285400,4980100,1263300,3160400,807700,553700,2039400,10133200,3821800,15156900,2546200,2909800,7972800,6940000,1663600,4961900.0,11822500,1604000,10246200,1001300,534700,1659700,3968300,1076000,4342700,1498600,1698300,2104200,6518800,1839100,1795500,8144300,14081200,2290600,756600,13445100,7499200,320000,3312900,2220200,695500,3909000,3240400,973500,1639600,3297900,1268200,12189600,11588365,11114200,8992700,202400,9752500,5710400,25777900,29083900,756800,599600,1031400,1682000,8498500,223600,10474100,822700,12299900,5143300,1444100,826800,1962900,2706000,6186800,8583000,9454900,3344800,535000,12454000,4988100,3346500,198100,1390200,1391700,1037800,3249800,5384500,2428000,32494400,26100,2358100,799100,3856300,684600,1836800,5344100,5854400,31856900,2311600,1091800,2865900,1160300,1924200,205600.0,2219800,5586300,447300,39002427,11974600,4290100,2351200,1009300,1828700,2189400,199100,999500,5768700,1519700,10575400,3639400,4170500,2062800,4503600,746900,1813900,5006800,1292100.0,19000200,1224900,694100,912900.0,7017342,2202391.0,1284800,518000,14091000,1977200.0,1812500,952500,735500,1637400,531500,2685900,1059300,1329900,6908100,999000,8846900,3638900,2433700,1726500,1892900,1564500,244600,2336300,1577900,1573700,529700,6105400,15308200,1681400,18956700,1806200.0,395100,1358500,373100,12213500.0,1139000,2546300,3072600,1317600,3722000,2929000,2384900,5375600,1329000,180500,177600,1473600,157810500,5465800,1330700,2061300,9411900,1357600,3109197,417500,1739700,565700,5026500,388800,2450800,5808800,2466800,756400,3650700,2300000,2843600,995400,11034300,1405800,3608400,3079700.0,671800,588600,15743000,1194700,1470764,11487100,6250200,1540600,1417100,4279700,7775000,11375900,5948800,2129800,797700,1840700,17786600,5700300,519000,11059300,6255800,929700,8638700,861200,337900,1943900,4506300,1031100,2359300,343000,1125790,1968000,2253400
2019-03-31,2858300,1612000,5891200,7105900,763900,2773000,6643600,2577400,2097400,2333900,1856200,7653100,4071100,1585100,1551100.0,871700,1521600,1794400,755400,1182400,827400,1262900,2085200,30890000,25398000,9447400,66416000,0,53502800,1425300,6980800,4625700,4891000,4308800,3017700,1532100,846700,1249800,1286500,3189700,2469600,2777700,396500,1170800,3890900,94256000,9221500,1547400,2403100,2680000.0,1856000,709100,41847006,852300,1833400,322000,737800,550000,7450800,2795400,83446300,6077752,4078700,1520690,1236825,4619400,2788300,280700,140400,2697200,455900,4933000,7694700,440100,2053500,1171400,7767900,49293100,2449300,711700,825200,935200,1273400,1899100,468800,1931700,2945600,3029500.0,8830400,4929500,846900.0,4681600,665100,1802100,1080100,774200,7023200,4084500,2154300,258100,6539600,1410800,5318600,756200,2007500,2659200,3332000,532200,389000,19582300,13406300,1104100,1485200,2332100,16045600,4475300,4598700,21135700,1678800,4420400,6810900,1623600,2193900,356500,2470000,4370000,1802000,1968000,4464900,2609500,11731200,1379600,11361500,7049100,3211100,1270100,692200,1862600,9162100,2118100,6528600,4223600,1508800,1181700,1933100,2050600,16358800,1962100,1897400,5008300,1111800,888100,1118835,5434800,13915423,2539200,1760600,2173100,8636400,1031400,3439300,2247000,3180800,1582100,5729100,3034900,1841300,1091300,2785600,351300,3980800,1657700,524400,1995900.0,349000.0,1062100,215500,1702200,2487800,7980464,1688800,1087200,848000,10889200,772000,275400,3728800,490700.0,2171500,10691100,848400,5481600,5454600,4295200,462200,1000400,33962800,6697500,1984100,2256700,16889300,1320700,566800,4312500,273700,1333700,6064888,4884900,9432600,924900,9601400,603200,862800,2632800,7680600,1881700,1204400,1410600,3872300,1939900,1077800,2244600,2857100,1527200,4674100,2704700,2703600,6376100,12159900,1215800,12533100,271900,3244064,415600,420100,1294100,855900,1199800,18736100,4317200,2347488,4350300,985400,1418300,1521300,4686100,1059500,2099600,746100,367000,973500,7168400,3615200,14523400,2496200,1573800,1700300,13578600,1872300,3180200.0,12665800,1219600,7094000,966000,494400,1583000,4571800,779800,4429400,1489700,2158100,1035400,3601100,1212000,1116200,5318700,9491200,2184500,817700,9442600,8245000,188500,2175100,1516700,1004400,3156000,3453900,1430300,2500600,2952000,1115900,4742700,10147994,13455500,5756400,173500,7182100,5226400,35716900,25399800,593600,681500,1085400,1846400,6701200,285900,4901500,1052300,11811400,3913200,897600,525600,3664800,2643500,4705600,6709200,9924500,2173400,367500,12039200,6492000,3744700,129600,1949600,1066500,935000,2577900,3658900,2882400,45689600,21500,3212800,797200,3190400,690150,1447400,6189100,3037500,11485700,2320000,883700,3071000,799300,2738900,819200.0,1597800,5758800,443300,21681834,3587300,6314000,2900400,1288800,2913600,1951100,278300,1384900,4841600,1481800,7535400,4400400,2679700,2209900,2613400,867200,1043700,3314000,1307700.0,8529100,1357600,1054400,2003250.0,4839617,2660186.0,962600,492300,11975600,1327400.0,985400,982800,656000,1867200,436100,2146800,1558500,1400200,4913100,1491800,7984800,3713900,1260100,2090600,1389900,2536200,360900,1613400,1589700,1624800,480600,6053500,6669600,962000,9099500,2106200.0,352700,1023800,483800,4448100.0,1108500,2309500,5051900,935400,2362700,3836600,1896900,3886600,2016100,254800,235100,1160700,89869500,4327700,1700100,1193800,5887800,1958600,1503747,309000,1328400,965900,8284100,209900,2215900,8608300,2173700,526500,3646900,2449900,3428600,1355100,4294200,917000,3208400,2780600.0,732600,979900,17283900,1274700,1597036,4364000,12164400,1132800,2181900,2523600,4993100,7439900,4493600,1977000,455700,1985900,53590800,2673200,486000,8326300,4707400,645200,5596500,745400,427700,2359700,5170300,1357000,2356600,339100,1190989,1950500,2323000
2019-04-30,4541000,4882200,5514100,9367400,826400,1535800,6906400,7347800,3068000,2007200,872200,10823400,4202800,1726200,1425600.0,2549000,1500400,1239900,891400,920500,589400,1409700,1759600,133178000,124140000,15760100,70120000,100,73165900,1688000,5719600,2545300,2387900,5439800,1476200,1179500,1423600,1052500,1689100,3963000,3448000,2624800,407100,1005800,3237800,186139600,10447200,1365900,1332200,5079200.0,1139200,559600,46341721,779900,1072200,255100,621100,611000,10785700,1786700,47764200,4704806,2877900,1853098,836100,3611100,2552800,118200,246900,1914000,567600,6349500,3732800,422400,1503700,722500,7938900,14162500,1895300,815600,920400,3315500,2914600,2154700,448100,1533700,2211300,6961700.0,1900100,4313700,779900.0,3862000,777200,1356700,836600,1616700,8574700,4436200,2535700,545800,6629000,1322600,21431500,591500,2025900,1366600,3430200,880300,571100,20846000,11122000,2439900,1828400,2091000,17912900,3057200,4050200,15703000,1756200,3831400,9358300,2361400,1532600,312900,4393600,17836600,3544000,1427600,7826400,2061500,10522800,1885100,13911200,3827700,2565100,1617800,897600,1573700,4030300,1383800,7090500,4679200,1917800,1639300,3889500,2258700,15253100,1812900,1639600,3359900,717600,2291800,941880,3242700,6754246,1095600,1135300,4759300,8321400,1942000,2703800,2721900,2824600,2341400,7548300,4805200,2668000,1486400,3804600,307000,3836100,712900,408100,1516700.0,499100.0,1797600,324000,2161700,1584900,10656602,1800000,1414300,1337300,13721500,504800,266100,4485600,534200.0,1562800,6268900,1430600,4589900,8346600,6439900,381600,1313000,46079300,6330500,2840800,4406700,19578600,1498200,375200,2530900,350500,1213200,22148188,4730600,16035500,885300,7164900,465700,1147500,1833000,10142700,2534600,1026200,3623900,3588200,1227700,1518700,3587700,4313400,2048200,3415600,3651700,4314400,7415600,8299200,1383200,11065200,329300,4852185,286300,518300,1685400,1161200,2041900,27130900,3095700,4353149,5420900,734200,1480900,2109900,3397600,1127300,3281200,1482900,470600,1154900,6003700,4803000,11389100,3411100,2798100,2523300,8756900,1934200,3987700.0,18959600,1119900,5241000,1256200,1800100,1604300,3381600,3289300,3170600,1039100,1404200,1544300,5268100,990000,1976000,3367100,10898500,3103000,605200,9491400,5005400,248500,1259700,1719300,1415800,3938900,7179600,1511800,2815000,6162300,1105700,7380700,11269039,23494700,5010400,103900,17075400,3934800,16342700,24166500,578600,1411800,1477500,2388700,8481300,379500,4565200,868000,8104600,3478800,666100,804100,2121600,2157100,3870100,7173000,9588600,3836300,624600,10643600,7614100,7675300,340100,1067300,1683000,931000,2274500,2890900,2729500,36292000,20900,10559400,803300,24103900,809850,2128100,9886000,2410200,10562300,3733000,695200,2598400,1370200,2182200,993500.0,4260800,4963600,1070700,34360400,4419000,5640300,3303300,1063000,1482100,1432400,237700,894800,11079400,1562000,8251300,2568700,2396700,1920100,2182600,1081800,1018300,2983500,1118300.0,17582400,1316200,548800,1366200.0,5232736,1947797.0,726200,554800,11317500,1494600.0,691200,1905400,970200,2223750,595800,2314200,2259300,1066200,3581800,892400,12163700,7424400,1394200,1921200,1522700,1721100,304000,2193400,1685800,1240600,345100,7218500,3861000,1733100,7384400,1961000.0,335500,1063300,385300,4130500.0,794900,2444100,3064900,1152500,1344100,4366700,2089300,5339800,1481100,205400,273100,1665400,141969000,4533200,1879100,1380700,4737900,1383900,6161678,317600,1558600,1298600,5217100,343900,2854800,5947500,1419300,736600,2444100,2688200,5101400,1193900,7632300,950500,3049000,2790900.0,922500,966100,15469000,1619800,1909051,4850600,6432700,1387500,2097000,1698900,8175400,6133600,4050600,1410000,514400,1333400,18525100,2680300,226500,19007500,5556500,656300,7990900,789000,1038200,2531300,2777900,1179900,2181300,1301600,1557772,1775500,2356400
2019-05-31,3521900,2394300,6570800,4003200,514200,1799600,5978700,5283900,2526600,1091900,1487200,5239600,2448700,2829300,926800.0,1227600,812400,1593200,555000,2509600,1586400,1210100,1403100,31582000,30156000,6416500,92376000,500,68667800,2114800,7441400,2250000,2969100,5120800,2706200,1081000,1035400,841900,1078900,2808900,3068200,2156800,384900,933400,4687500,108174400,8394900,3821800,1358200,2768800.0,852700,697000,65422282,761700,1862900,498800,657600,821100,5449900,2530400,68304200,6321689,2825500,1064975,845400,3685200,3542900,129200,196800,1649800,534600,6760000,3217600,366400,2498000,572300,6825900,12845500,2219200,995100,1227900,2207000,1919200,2349300,552200,3185100,2785100,3134200.0,1812500,2669500,749100.0,4711500,1213900,1959700,1066300,1269000,8964400,5326400,2460900,298700,9217900,1552000,6899800,634500,1265700,1363900,2375600,692800,341800,20480400,19968900,914600,1782500,4776600,11368600,5698600,3031300,22114400,2212200,3989400,6939500,1795700,6252400,477800,2987400,4068000,2713000,4058100,4648200,3175500,17481000,1640700,8089300,4806900,1991900,1359700,1680300,2206600,5615100,1720500,6536200,3173200,1900500,985800,1432400,4089400,7420700,2892900,3477900,3256300,520300,1260900,998985,3182500,7657524,4030300,1205500,1840100,7261400,819900,1864200,3995100,2818700,2056600,6098400,3938000,5425100,2995900,4316600,850200,3485200,1102400,337700,1676500.0,499600.0,1401100,341300,2057000,5976900,7204037,1422800,1181800,657600,13983300,697300,533400,7071700,614000.0,1912400,8431400,922400,3368000,3747300,3794600,622900,1326900,48250400,12717500,2666000,3740700,22076200,967400,306800,6124300,278600,1306300,5792238,4499300,15779900,812000,4871900,412900,2894000,2640100,16450300,2216000,848700,1558300,4579400,1329500,1331500,2807700,1954200,1483500,3681500,1895500,1988300,8376400,13082700,1709100,8581300,245200,3702108,355600,308200,2070600,844700,927400,25532500,2540700,3530947,4002700,640800,1362000,2552700,9862600,972200,3392700,853500,376900,1063200,7811000,27662400,10952800,3987100,2815500,1376300,8394000,1474900,4154600.0,14576800,1373100,8250500,933300,749400,1576600,6388500,1403600,2744500,1566000,1757200,1028500,2437500,1024000,1437500,6530400,18338600,3502100,991600,13256400,12939000,530700,2000000,1951600,647800,2733400,5041400,958400,1147200,3669100,1584900,5949900,7142749,15226500,5355100,141100,6058600,8179800,18607300,26646800,400900,942400,1362600,2538700,7100000,210700,2623300,905600,11328600,5974500,808500,392600,1623600,4084900,5023400,9234900,13522400,2083200,703800,9161600,8891100,4042400,182000,1494200,988500,667700,1002100,4530900,3610000,38972000,27400,4020400,549200,11162300,847800,1928600,8159900,2298400,11847100,1779900,789700,3012700,815500,1596600,1200100.0,1594900,4191200,1480600,22639288,9651400,6420800,2785000,1268700,1957400,1543100,162100,1214600,4557100,1784100,10282300,2245600,2831300,2907800,2369200,817000,1026900,2732100,971900.0,15060300,691500,1230100,1393350.0,5646829,1727981.0,1448200,863500,12063600,1197600.0,520100,1697400,1575800,2027400,329000,2525800,1041500,1095500,5326900,994300,11445600,3135900,1258600,1327600,1219400,1446000,353100,2379700,1615500,807200,384300,3925000,5193900,908100,7625700,2064600.0,668600,1324100,662900,5320700.0,1158500,7696700,5147800,1341200,2018400,4355100,2321400,4137000,1916700,131500,327600,2178500,156100500,4463100,1620100,1266700,5393100,1228300,1741310,232900,1405400,1175400,3901800,160800,4132700,5678500,1343500,3197800,4215900,3553800,4192400,1615300,3285700,608800,5670700,1959100.0,435400,1185400,29916600,982500,2605400,11146900,5079000,854700,1111900,1906200,6568200,5927500,3633600,2413100,526000,1820800,17540500,1811200,212200,7121300,6454900,884400,5463600,417600,493900,2892700,3822600,800400,2614200,853100,1422430,2510800,1642100
2019-06-30,3600800,3325500,16436700,21381500,480900,2937900,15179000,4663200,2648300,1947000,950000,6924600,3337200,3159700,1522000.0,1163300,2179700,2059500,1297500,1413700,935300,1361700,1756000,33672000,33864000,20573100,60748000,7604500,50090900,2160000,5238500,3815700,4338900,5214800,2965500,1366200,1383500,1565400,4909400,3753200,3946200,6136800,674400,905700,3426400,124442400,15599700,5891400,3001300,3255600.0,2352500,639200,53981201,768900,4849700,360700,818300,1492900,9899300,10224100,101856900,8990145,5095100,1591005,1633050,7472400,3051900,161100,227700,3667500,634300,7683500,4737100,613700,2950100,982600,12753800,15627000,4926500,1255500,1505400,5841200,2101100,3560800,1033500,3221400,3156300,2720500.0,2175500,5950300,1616600.0,10469400,2443700,2605700,2185700,2452300,6968100,5489500,4454200,694400,15515700,1454500,7048300,487300,2769700,2034300,3249500,814800,655600,103123400,20388700,1228800,2138900,2563100,16339900,10908500,5443800,49937900,2698300,12196200,6108800,2607900,7415800,588500,4873800,8436700,3219000,1952500,6194300,3630700,13873800,2680500,9336900,7192500,3777800,2434900,2588400,6514900,8034800,2231700,8134800,5202000,1633900,1244600,3766600,2627800,20078800,2526800,3885900,6014400,568200,1917000,1312475,3875700,5285300,2873500,1508800,3083500,14763400,5929200,4580000,12762300,5185200,2629200,8958700,7115000,6928800,3015700,3735900,525000,9014800,1839700,551000,1934500.0,666900.0,1235800,439600,2765200,2590700,9433217,1710100,2065200,1194800,14781300,1135100,722500,5227100,748700.0,5311700,8183300,3056300,6589500,8997000,4179200,624800,1772900,37551600,10282000,1438300,3854900,18130800,2479100,727500,9064500,1036500,2450800,5502550,6302200,11480900,970500,19742500,913500,1514600,4854900,36268900,3479900,1782300,1885800,4017500,1774700,1901400,3370900,3600300,6106400,11069000,3551300,2901200,8481100,10777300,2360800,14348600,795800,6436979,1175400,646300,1616000,1230500,1616400,26646200,3252900,5017162,7033200,1904400,1478900,1834800,5301400,3479000,4108300,1912000,887900,1294900,12792400,5236400,21634700,3375400,2948700,7595800,13264700,5526900,4926100.0,15049100,1226600,10571800,4782100,924100,2336700,3969200,1897300,4156900,2036400,6440600,3156000,4293100,1369600,2114700,4298900,18675400,6872900,1296600,10205400,10298700,7603200,3030300,4391100,924800,6766300,4400300,1753500,6430800,3658200,3192300,5539400,46684837,16378900,4575400,171100,5642500,12360200,61402700,30043000,837800,704600,797000,1959800,8614400,757400,2905000,3133100,15445600,8098800,2931200,652700,2712900,2263600,4592700,6961700,9132600,6401700,1691600,11647600,12443800,3556900,325200,2947900,2889300,842800,3881100,5632200,2259300,39766800,25500,23376300,615700,6752100,2098500,2118900,17355200,2657200,42570500,2644100,3026300,3531600,1672400,4047500,709300.0,2028100,6318500,1996800,39726209,10740600,8436200,4442600,1304400,3007000,3171700,420100,2138200,7408100,1890500,12152000,7799600,3272200,2235200,5638200,1555600,1327300,4976100,2099300.0,29217500,960900,938100,2077050.0,8637486,3110551.0,1872300,1499000,14479600,1211900.0,802100,1515400,955500,5452950,1598500,8249300,2067000,1813500,6936600,832700,9742700,2322100,2344100,1912800,4160800,1647300,674700,1559200,3397700,1340900,665300,5611000,5965400,1355600,6735300,9041900.0,1001200,1206200,1128000,7422800.0,4970900,2487000,4117800,3896100,1551700,5114000,2103100,5284100,1196000,353300,1163300,5009100,102771000,6129800,2563100,5248000,6454100,1132800,3811315,556300,2320000,2196000,7337800,351500,3029000,10087100,2742100,784300,4759300,3025400,3130400,1875700,6727600,1064100,3248200,2814000.0,1179100,1183600,14604000,1604900,5908400,6604000,8442700,1229200,1193300,2630300,10395400,6506700,3747500,2462500,870100,2678400,31030900,4007600,1071700,14808000,5349400,671200,8299800,682800,564500,1848300,3793600,2211800,3871200,778400,2655134,2737100,2414100
2019-07-31,3015800,5941500,6197200,11300000,572200,1566000,8712300,8111900,3066900,4170900,1057100,12159300,5368700,3846100,2174000.0,4730100,1171000,1361500,709200,2984700,752800,1314500,3523900,39960000,34510000,12252300,89414000,6685900,119190000,1041300,6269400,2942800,3221000,3179200,2845100,1116200,795800,1503100,1271200,7157600,2321400,2460100,358600,811800,6042300,277125600,8334800,3559400,2291200,2749600.0,956000,519700,53799151,1061800,1676100,275000,912600,582800,7307200,2916300,60607600,5807715,2768800,1724153,1649250,4631800,1848100,209700,135700,1074900,421000,6635700,5219700,270000,2190200,884000,6861500,12863100,2081900,1161100,2155200,2318400,3196600,1660400,713000,1532200,5102800,6371200.0,1556500,6388100,810700.0,4322000,486000,1620000,1102800,1169100,4421400,8457700,2685500,947100,9018400,2197100,7199500,534900,2501800,1728800,2017300,2421900,878700,17441200,13617300,1485500,2187500,2652500,16865500,5583000,5187400,18509200,4073600,5044200,8268500,2917200,884100,210900,3329800,12895000,2727000,1886900,15323200,3278100,19799400,1907100,8473100,5713600,1986400,1159200,2704500,2000300,7229600,2823600,5991300,6158400,1473000,2003200,2604600,5526100,9710700,1547900,2641100,6681100,920900,913500,1168655,2824800,3344500,1735200,1364000,4566400,8815000,1590500,26119200,2286000,11152800,1516700,5535700,6588300,22313400,3236100,3144300,418600,7999600,976000,741300,2469100.0,347700.0,1925700,336000,1807400,1988100,9783717,2543400,1338100,1424200,13104600,727000,425600,7474400,721600.0,1485400,5788600,918400,8288700,65404200,8796200,477500,2128600,56715500,8791000,1314100,6398200,18292800,4002200,1282000,4799500,417000,1187400,21559263,4185900,10155700,1148800,10366300,613500,1498500,1991100,13557400,2214300,1230400,3187400,3331300,1669700,1037800,4855800,2279400,3332500,3426400,2896900,2202400,7662500,12752200,2666800,12041400,379800,3894153,419200,448800,1182300,1747800,1263000,24169800,2533300,2990170,4601900,512800,1147600,1779900,17284600,1030400,4382000,702800,520800,1211500,8559200,8660400,13648000,3370500,4910500,2331300,8915900,1838700,5711400.0,20274000,1331200,10717200,2582200,1465800,2652500,4696600,1715900,2865800,1697700,4160900,1097500,4034600,1037100,1225700,5533400,11572400,3326700,751000,9589600,5682200,210300,1551600,2920100,1417600,2675800,5513100,1161400,1345000,4048800,1735800,6937100,12443428,14593500,6597200,233200,4039100,5266000,34493900,38598800,840000,901600,1086000,6778900,10559900,517900,2710500,2159000,8317100,5213400,1036200,527700,1777200,2144300,6259500,8235400,10687000,3304100,695600,8446000,5818200,3349100,259000,1663800,1164200,1105100,3470700,3579100,2888500,35941600,27200,5025700,646700,12342300,1128150,1356900,5530200,4271100,11966700,2056200,1319800,1555300,1562300,2844200,1906900.0,2535100,5757600,1335400,56309423,2690100,6793000,2415900,1092900,1629200,2394600,173100,815300,5704900,2188200,12641800,2453900,3302100,2048400,3755300,3599500,1166600,4270600,1876200.0,14052800,1058700,2371300,1520250.0,5348733,2832840.0,938900,690600,24490700,853400.0,556600,981900,1270500,1479450,568000,1485000,2462300,2239600,7454200,814500,10673300,2780200,1387100,2686800,2097600,1909800,644500,2481600,1600400,1001100,341300,7190500,4985500,983600,9912100,3040200.0,493000,1218400,531500,5084300.0,854200,4220100,4596600,1951700,1318000,5031700,2457400,4470600,2202900,150100,278700,3704000,137673000,6601600,1698800,1903700,5961200,1287200,2552349,219700,1617600,2099400,5957400,339600,2377400,6685100,2148500,521300,4508400,2125300,4859500,1270900,3532400,803300,3217900,1720900.0,643200,1234700,24396200,1460400,1662900,12073200,7981200,1838200,1167800,2443900,6642200,6211300,4103100,1438300,675500,4115100,23422800,2011600,472200,8560900,3692200,1157600,18840700,1414500,568500,2308800,6127800,838900,1686600,676000,1491646,3208200,2099800
2019-08-31,1967000,648900,3627900,6415100,397100,2176600,5891500,2995100,2373300,1586200,721300,5103600,3867900,2356400,875100.0,1159600,842100,1403500,728600,1679300,620900,1587400,2077800,18064000,22596000,13984600,61174000,3958000,40307000,1811300,5076200,2584700,2366200,4565000,1426200,787300,668400,1091700,1052000,2621300,1747400,1881700,559500,694000,3152300,84573600,7819300,1115100,1028300,2180000.0,1214200,507100,28610448,624900,2991400,297800,502100,524900,4984700,1911100,41326200,5712466,3789700,819898,1412250,3632000,4712800,100100,142100,1226300,466300,3051000,3147000,270900,1173900,453500,3234400,8126000,1672000,465200,1975800,1119600,819400,1665900,440500,11450600,1879100,3234300.0,1077300,3176000,1031100.0,2912000,550400,1508200,1099700,1061300,3041400,4347300,1574600,159400,6896900,1140400,4881100,288600,1931600,901500,1553500,475400,391300,19248400,11844600,1096900,947300,1254200,8746700,2535600,2899700,15484500,1652600,4798000,5131500,1719200,983400,771800,2826200,5084300,2622000,1801000,5695500,2003500,11693100,939500,6310300,1576700,1960300,905100,4940000,1629100,4268300,1395600,6616200,2002800,1703700,771000,1498400,1489500,5622200,2689500,3975300,3623600,510300,1058900,1126238,2157900,3869300,2443600,1365300,2715700,4472700,1079800,1939300,2469600,1704300,1159200,2870700,2678000,7036900,890600,3164000,138500,6709800,573600,288200,1510100.0,541700.0,2365700,621600,1817800,1332900,7675109,760800,892500,678600,9180800,551200,249400,3061800,315200.0,1151500,4240600,825000,4033700,3266500,4353300,358500,700900,32057900,6294000,686300,2215500,12318300,945800,426500,3483200,861100,1149500,5915450,3400600,4599000,998200,5301200,658600,1583000,1529600,12154600,1843400,679300,827400,2669000,1104700,1026400,2063000,1165000,1515300,3768300,3156600,1643600,6300600,8070100,633000,7066500,159300,3096788,499100,300600,1330400,665800,887600,16922600,1473600,4006886,4206000,858000,1080100,1750200,3729800,788100,1396600,1004900,407100,774500,7371100,4049100,10170300,2717200,2329500,1566000,6857700,1316700,3112800.0,13755700,1820600,6170500,1216500,682000,1194300,2182600,1119900,2614400,859100,1686800,825800,1786800,760700,1076200,4610100,8428200,5716200,631200,9587300,5659600,269900,1871600,1992000,444300,2077400,2600300,1165500,1184000,2733700,1358500,3776500,6795127,10774500,4224600,212400,4770900,2415800,16391500,23940100,425700,661200,373500,1390300,4465800,155900,2213500,654700,7427000,4491600,690300,331800,1155600,2747000,4446400,3089900,7082600,1994200,318600,11786800,5235400,1596500,182700,1147200,711800,576300,2610400,2009700,2361400,29061600,15400,1639500,420700,6881900,696600,1915300,2817600,1868100,7920000,1750600,617600,5099000,880800,1271800,369500.0,908500,3742800,559300,18873346,5226400,9045000,1932500,1108100,1006600,1457900,150500,762500,4791300,1199400,6007100,1897100,1861100,1637600,1765000,706600,781300,2190800,1189300.0,8465300,1413800,1171500,797850.0,3702529,863990.0,537200,604500,10389800,1182600.0,619600,884000,728200,1785150,429200,2290600,1209000,1452300,7591000,497800,12443800,3875700,2216400,1040300,1497500,1274100,473500,1420500,1254900,1209000,234400,7426700,3274700,899400,5209500,2669300.0,332600,1038600,350900,3524600.0,831100,2124800,1701100,1051700,1116800,6482600,3806100,5309000,2363300,220800,213800,1475700,139809000,2747100,1422700,2165900,5841200,960400,1304081,440800,1029800,860400,7055500,182000,2033400,4975600,1318700,16029100,2987200,1928900,2209700,1221300,3384100,592500,2467600,1073900.0,529500,659400,9962200,892900,1490700,3444600,4061200,931000,910000,1014000,5194900,5705300,3163900,1149600,497200,1237900,15250600,1245500,259400,4789900,4557900,556100,5842800,648000,227800,2685300,3159200,637500,1154200,342600,1049982,1490800,1601200
2019-09-30,2508500,971400,4340900,8315100,624500,2025200,7128800,2257200,3992300,1489400,982800,3559100,4004700,1684600,659500.0,1328600,808800,1387800,528200,948100,712400,1009200,2163500,24470000,28082000,9891900,52894000,6016600,37295600,1606000,5109800,2048200,2345800,3424500,1703000,1404200,924000,1141900,1128400,2492300,1970400,2276600,386100,607500,3836300,103909600,6674800,904700,2509400,2980000.0,540100,377100,37524676,660000,1182500,231700,907700,291800,8175900,2915100,39191000,4696394,2801100,1707138,890700,3167500,1849100,127700,251900,1182400,362500,5694300,3183300,226500,1276100,780200,8016300,15950500,1982600,556300,769900,2426100,1073500,1592200,329500,1630700,1619300,2461100.0,1212400,4732500,726600.0,2795300,664800,1578200,1703500,777400,4833100,5482300,3328700,305700,4931400,838400,6108300,465700,1221200,1552000,1993700,522900,561200,14903600,8661000,864000,1119700,1867500,9808700,4399500,3387800,13892900,1169300,4590600,5923700,1396000,992300,272800,2096000,5054800,3072000,2151500,8151100,2530100,9287700,990500,6383400,3412800,2181100,1377700,1559100,1828700,5208200,1400600,3920700,2261600,1125800,983000,1829700,1756100,5532500,1998900,2011800,2711100,772000,685200,1098860,2501700,2798500,4673600,772900,1749300,6149200,786700,2812200,3049500,2522000,1424200,2516600,4904400,5048900,1134700,3159100,207000,6280300,723200,301000,1469200.0,271700.0,1321500,212300,1631200,2284600,5462192,1223400,1120900,763800,9768900,407000,513600,3358600,367800.0,1693400,3654800,879100,6644800,3190800,2206300,1243900,1231800,21510000,6157500,811700,2705200,11988000,723000,800800,3222300,515600,1187700,4386425,2609000,7477000,707800,8291400,513800,2183300,1794500,9884200,1689000,672100,2486800,3213200,964300,835400,2440500,2007400,3600900,3249200,2079500,1886300,8606100,24391700,1390300,5242100,170900,4171866,323200,459300,821600,641600,1224700,13652100,2087300,2694701,3351800,914300,1135600,1292700,4297800,1030700,2303400,943000,667900,666400,6552100,3961600,9755000,2437600,2069400,1544600,6264700,1399800,4857400.0,7114700,1115100,6117000,894200,436700,1543500,5858700,848500,3617300,1057100,1027200,1066400,2196700,1293200,833100,4024400,11897800,2764700,508100,9163900,9311300,440300,2770700,1048400,399000,2078200,3128700,1919000,2033600,2488000,1905900,3627500,9806974,10740000,4077100,176200,4607300,2875200,31423100,17280900,665700,396100,575700,1575900,4408100,599600,1472400,933600,6213700,3342800,937000,617200,1903500,3207400,6727200,9557800,8069500,1881200,572600,8937600,7401200,3700600,157400,1995700,745400,877100,1143600,1899600,1829200,18618400,27400,2538100,359700,6520300,864750,1311900,3163700,1775300,17445100,1500900,588600,2987300,569500,1495500,729900.0,1062900,3705200,436900,17205391,9336100,4908900,1801600,718100,1560600,1726300,181100,840700,6774700,951500,5206900,2892500,2017700,1961100,2250100,610100,893100,2718800,1237100.0,4775800,755400,783900,1316100.0,4079122,1496916.0,1015400,515100,7161900,1073400.0,460700,867700,1149700,3663750,409400,1582800,1301900,2656700,3671200,806900,9583500,2010200,1070600,2513800,1206000,1012200,354000,1255600,1911300,576200,337600,3441800,3712900,648700,6588300,1952500.0,385400,1338800,429500,4189900.0,893000,1854400,2191100,1016200,811400,5369900,1475800,3639000,1156800,231700,288400,1531700,88197000,4233400,1542000,1519400,4416500,1760300,1361184,220300,886500,676500,6651800,387900,2116300,4403900,1714600,2313000,3296600,1939400,2639000,1220000,5286300,608500,2899600,1479900.0,532800,911100,9709400,1432300,1517300,5559800,16464000,2086400,1235800,814400,3218300,3401400,2746000,1707400,459600,1265600,26897100,2505500,318300,3799400,2462800,745100,5806600,526100,338400,1499900,3900900,748000,1247700,240700,827399,1236700,1859200
2019-10-31,2653100,2141600,4614000,10009400,2406000,1574800,6621600,5368500,2845400,6511300,826600,5335300,3395700,970500,1011900.0,1911200,715500,2912300,686400,702700,595200,1680500,1600600,31904000,29114000,12698200,55624000,31270200,67881600,1670700,8779600,2309000,2507400,5172400,2021200,1260800,737000,957100,1998500,3255800,1930600,3847400,417200,804300,6712100,139162000,6741600,1668000,1513000,5927200.0,796300,397100,52278140,917300,1048000,177000,838400,635700,5654300,5009000,49430900,6351005,4535700,1670340,708600,4305500,1949300,308900,113000,1959900,429500,8581600,3868400,192400,4298000,917200,5321700,25041900,2788100,344500,2081200,1857200,4660900,1693300,523500,1637000,2472300,3952900.0,983400,5084700,839700.0,4037600,882300,1752700,1670600,986300,5871800,2497200,4872100,395200,7119700,1432000,7177700,292900,1638000,3468900,3971400,1128100,667400,12488300,16864000,1839100,1541000,1923700,13982000,5746200,4374200,23563100,1588400,3453600,6346400,2296800,1002300,188900,2582200,7027700,1475000,2277400,6720300,2397800,11595600,1391400,6138500,5146300,2537400,865100,814800,2181800,7024000,970300,5711200,1980000,1409000,2384300,1331600,1918300,9628300,1451400,1812500,2424100,732500,1134300,2178333,2454100,6390500,1919600,926000,1953400,6921500,796900,4212100,3131700,3263400,1877400,4124400,2916300,9056000,1577200,5272200,243700,14378900,824600,690100,1453100.0,534800.0,4410600,258500,1680300,1556800,11574772,1156900,1194900,1152500,16169100,557900,305700,5582900,992100.0,2110500,7915000,991600,4639600,3385800,3296800,489100,1185300,29124100,15445000,1243400,8275900,23321500,1664300,632800,8044100,2334500,1364400,10829238,3711000,7652700,930700,6438100,516700,4211900,1876200,10693300,1654100,1142600,2405900,5195700,864400,1037900,2721100,1498400,2069700,2824100,2143200,2208600,7046000,11414800,638500,13289800,178800,3569057,551600,730900,1610600,905500,1141600,19249700,3281200,4980730,2651800,940600,890100,1161900,3760100,1036400,4411300,699700,384800,737400,7686700,4611700,11589100,3217400,1820700,1992300,10307500,1477900,4045500.0,16191700,2595600,7027200,1961500,430100,2699300,2629400,1186900,2156700,4825500,1303500,1564300,4762600,911800,1505500,3413100,8728900,2744600,579500,11492000,15931500,332400,1500000,2149200,735600,3245300,5356000,1515200,1224400,4961000,2387100,3999200,12419429,42286500,7023100,134200,5807100,2613200,15445800,24605100,755100,928300,987100,1963800,5774700,236100,2436700,669700,9414100,3132100,2650600,764500,1620600,1983400,5090000,5377500,5360500,1375000,502000,8228400,6752000,5216900,341100,1427300,1051500,829200,1722800,1892000,2952500,20973200,29300,3482500,381400,12515400,742050,1217100,6154400,2631500,8260600,2332200,618400,7308700,2462900,1174400,694200.0,1702200,4492300,1742700,24539860,18751800,4689400,3940600,861300,1705800,1266900,260400,1387600,5144300,1411900,6399500,2400200,6367000,2976000,2445700,851100,1204500,2717600,2310100.0,5693700,796000,910400,1045650.0,4852647,3267415.0,2000000,741100,8206100,1591000.0,704900,739200,658200,1260450,520100,1790900,2222300,1203500,4578300,524700,10079200,4766100,853800,2838900,1452600,2370900,517400,1559000,1689600,1142000,370000,5169900,2555200,922000,14008800,1994000.0,367400,1082500,488100,5056900.0,1061100,3394100,2548900,924500,1226300,5120600,1995700,6467400,2527900,186300,523400,2186000,76005000,4778400,1111600,1505900,6221800,1168000,1970752,203700,1864100,1609800,4361100,680300,1754100,4906800,2987100,2429800,3909500,1997500,2954200,1361200,3960400,685400,4396600,2122100.0,588900,1004200,12226600,2273400,2956600,6156300,6830800,1238900,965400,2651000,6970000,4881300,3646200,1664200,525000,1421000,18814700,2069200,413900,22281500,3517800,567600,16999100,1407000,428800,1543700,8817200,2106700,3934100,479700,772912,1898200,1905300
2019-11-30,942500,470500,2410900,3042800,371700,750600,2393300,1395700,1175100,706200,487100,2357100,1270600,835800,653400.0,549900,270600,440500,322600,266200,316000,584300,817900,12802000,11740000,2678500,38468000,2857800,17609900,703300,2970800,754500,1961500,2865500,654300,458200,404700,355800,526200,945600,871800,1036700,317300,415900,3198100,46617600,2905800,664400,1064300,1058800.0,392500,202900,24060390,503900,1472300,99200,292500,201300,1993600,668800,19503400,5696385,854300,597780,3203700,2256500,2962500,98700,55000,944600,239600,3290400,1390900,153600,792700,343700,2375500,11292400,922900,284800,789500,542900,922600,1182600,344000,1140200,1115500,833400.0,397600,1913100,301900.0,1652500,420400,665300,549000,257400,1147800,2116100,779000,94300,4867700,554900,3271000,271300,678400,611500,812000,325100,290100,9808900,6246900,427500,1155100,776700,7222300,1356200,1385100,8479300,364500,1046700,2707100,747300,369400,161200,2143000,1598300,1199000,981600,3971300,859100,4502700,455200,4463600,1853800,1997900,803500,605600,1394400,2653600,673900,2392100,1012800,946200,497700,606300,1725300,6284900,1105500,3004800,1872600,340900,571700,802760,1325600,2067300,1305800,298200,1032400,3128900,458200,2520100,947400,1271600,512500,1243900,1086900,4225900,750400,1497600,126600,3420800,282600,187200,762900.0,185500.0,631400,177800,809000,863400,5472707,1759800,513800,449600,7980800,290100,149600,1572000,205000.0,789400,1730900,334300,1463500,851300,1193300,227900,401400,13096200,2433000,333500,1485600,11141800,524900,153300,2883700,274400,915600,2842413,1144300,3927000,304500,2658800,265800,707400,770400,6437400,903900,652300,619400,1965500,653600,423400,1575600,764600,1022400,2952900,1633100,2072900,3448400,10551800,306300,3267700,143000,1909264,191600,354600,584900,444400,700600,9481100,1259200,1207536,1818500,431700,721500,887400,1563400,715700,1328400,271700,149600,992100,3278900,1855400,5712000,1495500,1043600,553100,3809000,1107400,2027300.0,7196200,705400,3703000,485900,224000,759000,1407400,278800,1098700,502800,847600,512700,683900,401500,437500,1596000,5159400,698600,227900,7395400,3545100,85000,751600,632300,242600,826700,1754400,496400,1008800,2815500,513100,2786600,4880222,7985200,1681200,81000,2028800,1465400,7343600,11977300,239100,246200,199400,696700,4424700,90900,1099400,387600,4138400,1774600,434600,285800,794100,838700,2411700,1369600,2883900,1072800,528900,3557600,2541800,2098200,90300,948200,390400,311200,606600,1678000,1608100,14155600,12400,1102700,241400,4664000,274500,984000,1224100,967400,6479400,843800,297800,1876400,307700,578600,222500.0,439800,2978400,287000,9793873,7648400,2927900,1105700,407400,783900,736300,82600,450100,2740000,468400,2927300,1077400,1652200,793600,1243300,367400,420000,1008100,376600.0,3882400,403800,358200,610350.0,1575494,1338298.0,452300,463600,3348200,611500.0,255700,233000,330800,978150,251400,1411500,751600,1037700,2432500,239500,5445400,1038000,712100,484300,879900,709500,140400,789500,900000,386400,129000,1863800,1098400,577300,3857000,1077200.0,237200,507600,127200,1592300.0,519400,825200,872900,322700,400400,1661400,1122100,2660000,575300,93300,119300,712000,36984000,3498900,594100,667100,2425500,779700,647594,118600,523300,722700,1567100,175600,1081200,3394800,747600,661100,975600,905800,1372000,420400,1520900,236700,1716800,1138000.0,422700,480800,6791400,537100,706600,3866900,3139100,489000,425700,605200,2177900,3157300,1059200,706900,215800,679600,10508600,1015800,157800,1867300,1870300,335100,4829000,344500,125700,772700,1730700,624200,980600,212500,362148,520600,1064400
2019-12-31,1715100,582900,2706100,7014800,619200,1193900,3028500,1375600,1896700,867100,563400,2491600,1593100,742800,470800.0,619300,861800,802200,969800,429500,304100,832500,920300,19994000,21018000,6691000,73494000,2883600,41149700,1106200,4940300,1544700,2306500,2706300,1259800,737800,417500,592400,460900,1454400,1183000,1107300,300800,541100,5445200,144114400,3566400,613600,837200,2832000.0,409500,222400,23389652,500700,999200,202500,492200,272800,2828500,1310900,30705100,4902355,866300,454998,783750,2769700,1520500,147900,72700,873200,276200,3458200,4525500,224700,600400,277600,3868200,7862300,1310400,273800,727000,439900,588300,845700,475800,1285400,961100,1648900.0,1421400,2568500,847700.0,1789200,423900,694800,505000,416700,2199500,3557300,975400,176600,5121400,702500,4580200,211400,677300,1159200,954800,380100,302300,12128600,10084900,440700,1012400,889800,6431700,1607500,1810700,12896900,1161800,1813200,3665200,1264100,901000,137400,2409000,3950200,1526000,1238900,5789500,1125000,5676600,560100,3450800,2145500,2022600,1478600,684900,953000,3779300,1283000,3549700,1878000,1790300,694400,775500,1227900,6602800,1350400,3409500,1845300,451600,311900,1603170,2237700,3710800,3231500,556800,1451900,6535800,523000,2004700,2637000,1758400,831700,1856200,1254000,4306500,722100,2251800,141600,5387400,389200,247100,1166000.0,260100.0,680600,202400,1004100,1352500,5076642,1555600,1136000,688800,12689400,266300,285500,1393000,296300.0,2612600,2766600,791200,1883300,1949900,1656000,725500,452000,36074900,2974500,633500,2929700,8524300,429500,337300,2251700,400100,886600,6018250,2578300,5353900,297700,5864300,324200,787100,1494500,9078400,771300,521400,754800,1733800,764400,446400,988400,953200,892700,3952400,1670100,1295700,2813000,4458000,414800,5750900,123000,4308369,154700,318100,732700,854800,733000,12750500,2059600,1375546,1626800,572700,995500,1133100,3211300,897900,1406800,295600,214000,579500,2923300,2029200,6963000,2176300,737900,1060500,5349800,729800,1836200.0,7926500,756400,4602700,838100,323600,850600,1703500,608600,5508100,842700,807500,1540300,1103400,776900,749000,2327900,7441000,899800,263300,6503800,3363100,148900,820300,1282100,297800,1493800,2717600,1234100,1566600,2242400,606900,2112800,3932934,10524300,3150000,77200,3824800,2266600,15271500,16348400,311100,319200,350500,1395400,3104000,165400,1655300,340000,4532800,2756900,817500,197800,1137900,1548000,4311500,1502600,5947800,1436800,344800,4450000,3495200,5741300,230000,755200,655800,575500,609700,1431000,1262500,25805600,13200,935300,297800,10487100,396150,767100,2734500,1151200,5936100,784900,409300,4462000,360100,970900,483300.0,650700,3024700,228500,11554264,12741100,2568800,1712000,553200,1228400,1401100,120100,479300,2308300,505500,3884300,1298600,1374000,852100,2332500,306500,621800,1625900,556700.0,6543100,377500,507200,565800.0,2674605,1548929.0,435400,369200,5555800,698000.0,288000,684500,337000,1485600,200900,1415400,803800,539000,3197100,805300,8155800,1060300,630000,1092300,1406200,696000,162900,1070800,1277700,466900,176500,2772700,2696300,604600,4655600,1434900.0,600500,705000,225700,2568100.0,613200,979900,2342000,614100,587800,2264200,1353200,2546500,1006500,145200,145700,755100,188796000,2283700,1472200,606600,3493700,1214500,1169768,196700,799200,728300,3547400,300500,1092900,4020100,1289600,652900,1493000,1799900,2430700,400000,1511700,213600,2186800,1458500.0,310500,590400,6765400,774300,1694600,4534900,4833600,827400,536000,970400,3264500,2945800,1440000,1058500,246500,1042300,10900500,2517700,200800,3250100,2327000,451200,8948800,226800,173200,3063000,1717700,523800,1185800,339100,607494,1511600,942000
